{
    "pages" : [
        //pages数组中第一项表示应用启动页，参考：https://uniapp.dcloud.io/collocation/pages
        {
            "path" : "pages/index/index",
            "style" : {
                "navigationBarTitleText" : "掌讯通",
                "navigationBarBackgroundColor" : "#fff",
                "navigationBarTextStyle" : "black",
                "app-plus" : {
                    "titleNView" : {
                        "titleSize" : "34upx",
                        "fontWeight" : "bold",
                        "buttons" : [
                            {
                                "text" : "\ue663",
                                "fontSrc" : "/static/font/font_01/iconfont.ttf",
                                "fontSize" : "22px"
                            },
                            {
                                "text" : "\ue88b",
                                "fontSrc" : "/static/font/font_01/iconfont.ttf",
                                "fontSize" : "22px",
                                "redDot" : true
                            }
                        ]
                    }
                }
            }
        },
        // #ifdef APP-PLUS
        {
            "path" : "pages/index/index",
            "style" : {
                "navigationBarBackgroundColor" : "#fff",
                "navigationBarTextStyle" : "black",
                "app-plus" : {
                    "titleNView" : {
                        "titleText" : "",
                        "buttons" : [
                            {
                                "text" : "\ue663",
                                "fontSrc" : "/static/font/font_01/iconfont.ttf",
                                "fontSize" : "22px"
                            },
                            {
                                "text" : "\ue88b",
                                "fontSrc" : "/static/font/font_01/iconfont.ttf",
                                "fontSize" : "22px",
                                "redDot" : true
                            }
                        ],
                        "tags" : [
                            {
                                "tag" : "img",
                                "src" : "/static/logo.png",
                                "position" : {
                                    "left" : "auto",
                                    "top" : "auto",
                                    "width" : "72px",
                                    "height" : "27.34px"
                                }
                            }
                        ]
                    }
                }
            }
        },
        // #endif
        {
            "path" : "pages/poorder/poorder",
            "style" : {
                "navigationBarTitleText" : "我的PO单",
                "enablePullDownRefresh" : true,
                "app-plus" : {
                    "titleNView" : {
                        "buttons" : [
                            {
                                "text" : "\ue632",
                                "fontSrc" : "/static/font/font_01/iconfont.ttf",
                                "fontSize" : "22px"
                            }
                        ]
                    },
                    "bounce" : "none"
                }
            }
        },
        {
            "path" : "pages/poordersearch/poordersearch",
            "style" : {
                "navigationBarTitleText" : "PO单列表",
                "app-plus" : {
                    "titleNView" : false
                }
            }
        },
        {
            "path" : "pages/maintenance/maintenance",
            "style" : {
                "navigationBarTitleText" : "选择查询类型"
            }
        },
        {
            "path" : "pages/maintain/maintain",
            "style" : {
                "navigationBarTitleText" : "我的维保单",
                "enablePullDownRefresh" : true,
                "app-plus" : {
                    "titleNView" : {
                        "buttons" : [
                            {
                                "text" : "\ue632",
                                "fontSrc" : "/static/font/font_01/iconfont.ttf",
                                "fontSize" : "22px"
                            }
                        ]
                    },
                    "bounce" : "none"
                }
            }
        },
        {
            "path" : "pages/maintainsearch/maintainsearch",
            "style" : {
                "navigationBarTitleText" : "我的维保单",
                "app-plus" : {
                    "titleNView" : false
                }
            }
        },
        {
            "path" : "pages/juxin/juxin",
            "style" : {
                "navigationBarTitleText" : "钜信网",
                "navigationBarBackgroundColor" : "#fff",
                "navigationBarTextStyle" : "black"
            }
        },
        {
            "path" : "pages/podetail/podetail",
            "style" : {
                "navigationBarTitleText" : "PO单详情",
                "navigationBarBackgroundColor" : "#fff",
                "navigationBarTextStyle" : "black"
            }
        },
        {
            "path" : "pages/maintaindetail/maintaindetail",
            "style" : {
                "navigationBarTitleText" : "维保单详情",
                "navigationBarBackgroundColor" : "#fff",
                "navigationBarTextStyle" : "black"
            }
        },
        {
            "path" : "pages/maintaindetail2/maintaindetail2",
            "style" : {
                "navigationBarTitleText" : "维保单详情",
                "navigationBarBackgroundColor" : "#fff",
                "navigationBarTextStyle" : "black"
            }
        },
        {
            "path" : "pages/maintainrecord/maintainrecord",
            "style" : {
                "navigationBarTitleText" : "维保记录详情",
                "navigationBarBackgroundColor" : "#fff",
                "navigationBarTextStyle" : "black"
            }
        },
        {
            "path" : "pages/repair/repair",
            "style" : {
                "navigationBarTitleText" : "我的维修单",
                "enablePullDownRefresh" : true,
                "app-plus" : {
                    "titleNView" : {
                        "buttons" : [
                            {
                                "text" : "\ue632",
                                "fontSrc" : "/static/font/font_01/iconfont.ttf",
                                "fontSize" : "22px"
                            }
                        ]
                    },
                    "bounce" : "none"
                }
            }
        },
        {
            "path" : "pages/repairdetail/repairdetail",
            "style" : {
                "navigationBarTitleText" : "维修单详情",
                "navigationBarBackgroundColor" : "#fff",
                "navigationBarTextStyle" : "black"
            }
        },
        {
            "path" : "pages/repairsearch/repairsearch",
            "style" : {
                "navigationBarTitleText" : "我的维修单搜索",
                "app-plus" : {
                    "titleNView" : false
                }
            }
        },
        {
            "path" : "pages/login-phone/login-phone",
            "style" : {
                "navigationBarTitleText" : "手机号登录"
            }
        },
        {
            "path" : "pages/login-username/login-username",
            "style" : {
                "navigationBarTitleText" : "密码登录"
            }
        },
        {
            "path" : "pages/register/register",
            "style" : {
                "navigationBarTitleText" : "快速注册"
            }
        },
        {
            "path" : "pages/register/success/success",
            "style" : {
                "navigationBarTitleText" : "注册成功"
            }
        },
        {
            "path" : "pages/co-auth/co-auth",
            "style" : {
                "navigationBarTitleText" : "企业及法人信息"
            }
        },
        {
            "path" : "pages/co-auth/step1/step1",
            "style" : {
                "navigationBarTitleText" : "企业认证"
            }
        },
        {
            "path" : "pages/co-auth/step2/step2",
            "style" : {
                "navigationBarTitleText" : "企业及法人信息"
            }
        },
        {
            "path" : "pages/co-auth/step3/step3",
            "style" : {
                "navigationBarTitleText" : "上传证照"
            }
        },
        {
            "path" : "pages/co-auth/step4/step4",
            "style" : {
                "navigationBarTitleText" : "升级为企业账号"
            }
        },
        {
            "path" : "pages/personal/index/index",
            "style" : {
                "navigationBarTitleText" : "个人中心"
            }
        },
        {
            "path" : "pages/personal/personal-list/personal-list",
            "style" : {
                "navigationBarTitleText" : "个人信息"
            }
        },
        {
            "path" : "pages/personal/update-name/update-name",
            "style" : {
                "navigationBarTitleText" : "修改昵称"
            }
        },
        {
            "path" : "pages/personal/set-list/set-list",
            "style" : {
                "navigationBarTitleText" : "账号设置"
            }
        },
        {
            "path" : "pages/personal/comp-list/comp-list",
            "style" : {
                "navigationBarTitleText" : "已关联供应商",
                "app-plus" : {
                    "titleNView" : {
                        "buttons" : [
                            {
                                "text" : "申请记录",
                                "fontSize" : "15",
                                "width" : "auto"
                            }
                        ]
                    }
                }
            }
        },
        {
            "path" : "pages/personal/comp-reg-list/comp-reg-list",
            "style" : {
                "navigationBarTitleText" : "申请关联供应商"
            }
        },
        {
            "path" : "pages/personal/com-reg/com-reg",
            "style" : {
				"navigationBarTitleText" : "申请新关联"
			}
        }
    ],
    "globalStyle" : {
        "navigationBarTitleText" : "uni-app",
        "navigationBarTextStyle" : "white",
        "navigationBarBackgroundColor" : "#3c7ef6",
        "backgroundColor" : "#f4f4f4"
    }
}
